PDB_ID,A,C,D,E,F,G,H,I,K,L,M,N,P,Q,R,S,T,V,W,Y
8A0N,3.7735849056603774,0.0,8.49056603773585,5.188679245283019,4.245283018867925,7.0754716981132075,2.8301886792452833,5.660377358490567,8.49056603773585,10.849056603773585,4.245283018867925,4.245283018867925,4.245283018867925,2.358490566037736,5.660377358490567,7.547169811320755,2.8301886792452833,6.60377358490566,2.358490566037736,3.30188679245283
8A0Z,3.9603960396039604,0.0,8.91089108910891,5.445544554455446,4.455445544554455,6.435643564356436,2.4752475247524752,5.9405940594059405,8.91089108910891,10.891089108910892,3.4653465346534658,4.455445544554455,3.9603960396039604,2.9702970297029703,5.445544554455446,6.9306930693069315,2.9702970297029703,6.435643564356436,2.4752475247524752,3.4653465346534658
8CRH,3.9119804400977993,0.0,8.80195599022005,5.378973105134474,4.400977995110025,6.601466992665037,2.689486552567237,5.8679706601467,8.80195599022005,10.757946210268948,3.9119804400977993,4.400977995110025,3.9119804400977993,2.93398533007335,5.378973105134474,7.334963325183375,2.689486552567237,6.356968215158925,2.444987775061125,3.4229828850855744
9Y7U,4.0,0.0,9.0,5.5,4.5,6.5,2.5,6.0,9.0,11.0,3.5000000000000004,4.5,4.0,2.5,5.5,7.000000000000001,2.5,6.5,2.5,3.5000000000000004
9Y7S,3.9603960396039604,0.0,8.91089108910891,5.445544554455446,4.455445544554455,6.683168316831684,2.722772277227723,5.9405940594059405,8.91089108910891,10.891089108910892,3.4653465346534658,4.455445544554455,3.9603960396039604,2.4752475247524752,5.445544554455446,7.1782178217821775,2.722772277227723,6.435643564356436,2.4752475247524752,3.4653465346534658
6VSI,3.6036036036036037,0.9009009009009009,6.306306306306306,5.405405405405405,4.504504504504505,14.414414414414415,2.7027027027027026,9.00900900900901,7.207207207207207,6.306306306306306,0.9009009009009009,2.7027027027027026,7.207207207207207,1.8018018018018018,2.7027027027027026,5.405405405405405,8.108108108108109,8.108108108108109,0.9009009009009009,1.8018018018018018
7M92,12.290502793296088,0.0,7.262569832402235,5.027932960893855,4.748603351955307,6.145251396648044,0.8379888268156425,5.865921787709497,8.659217877094973,8.938547486033519,0.27932960893854747,5.027932960893855,4.4692737430167595,1.675977653631285,3.072625698324022,8.659217877094973,4.189944134078212,9.217877094972067,0.27932960893854747,3.35195530726257
7ZZX,3.9603960396039604,0.0,8.91089108910891,5.445544554455446,4.455445544554455,6.435643564356436,2.4752475247524752,5.9405940594059405,8.91089108910891,10.891089108910892,3.4653465346534658,4.455445544554455,3.9603960396039604,2.9702970297029703,5.445544554455446,6.9306930693069315,2.9702970297029703,6.435643564356436,2.4752475247524752,3.4653465346534658
8K1I,6.575144508670521,1.1560693641618496,6.069364161849711,8.092485549132949,3.6849710982658963,5.41907514450867,1.9508670520231215,7.514450867052023,8.020231213872831,10.982658959537572,1.300578034682081,3.6127167630057806,5.202312138728324,2.312138728323699,4.335260115606936,6.791907514450866,5.130057803468208,5.491329479768786,1.1560693641618496,5.202312138728324
7RGE,6.403940886699508,0.0,5.911330049261084,7.389162561576355,3.4482758620689653,4.926108374384237,3.4482758620689653,6.403940886699508,6.896551724137931,11.330049261083744,0.49261083743842365,3.9408866995073892,4.926108374384237,3.9408866995073892,2.4630541871921183,6.403940886699508,5.911330049261084,8.866995073891626,2.4630541871921183,4.433497536945813
